id,time,gi_cdf
1,0,0
1,0.2,0
1,0.4,0
1,0.6,0
1,0.8,0
1,1,0
1,1.2,1.3e-4
1,1.4,4e-4
1,1.6,8.1e-4
1,1.8,0.00135
1,2,0.00202
1,2.2,0.00283
1,2.4,0.00378
1,2.6,0.00486
1,2.8,0.00608
1,3,0.00743
1,3.2,0.00892
1,3.4,0.01054
1,3.6,0.0123
1,3.8,0.01419
1,4,0.01622
1,4.2,0.01838
1,4.4,0.02068
1,4.6,0.02311
1,4.8,0.02568
1,5,0.02839
1,5.2,0.03122
1,5.4,0.0342
1,5.6,0.03731
1,5.8,0.04055
1,6,0.04393
1,6.2,0.04745
1,6.4,0.0511
1,6.6,0.05488
1,6.8,0.0588
1,7,0.06286
1,7.2,0.06705
1,7.4,0.07138
1,7.6,0.07584
1,7.8,0.08043
1,8,0.08517
1,8.2,0.09003
1,8.4,0.09503
1,8.6,0.10017
1,8.8,0.10544
1,9,0.11085
1,9.2,0.1164
1,9.4,0.12207
1,9.6,0.12789
1,9.8,0.13383
1,10,0.13992
1,10.2,0.14614
1,10.4,0.15249
1,10.6,0.15898
1,10.8,0.16561
1,11,0.17236
1,11.2,0.17926
1,11.4,0.18629
1,11.6,0.19345
1,11.8,0.20075
1,12,0.20819
1,12.2,0.21576
1,12.4,0.22347
1,12.6,0.23131
1,12.8,0.23928
1,13,0.2474
1,13.2,0.25564
1,13.4,0.26402
1,13.6,0.27254
1,13.8,0.28119
1,14,0.28998
1,14.2,0.2989
1,14.4,0.30796
1,14.6,0.31716
1,14.8,0.32648
1,15,0.33595
1,15.2,0.34555
1,15.4,0.35528
1,15.6,0.36515
1,15.8,0.37515
1,16,0.38529
1,16.2,0.39557
1,16.4,0.40598
1,16.6,0.41652
1,16.8,0.4272
1,17,0.43802
1,17.2,0.44897
1,17.4,0.46005
1,17.6,0.47127
1,17.8,0.48263
1,18,0.49412
1,18.2,0.50575
1,18.4,0.51751
1,18.6,0.52941
1,18.8,0.54144
1,19,0.55361
1,19.2,0.56591
1,19.4,0.57835
1,19.6,0.59092
1,19.8,0.60363
1,20,0.61647
1,20.2,0.62945
1,20.4,0.64256
1,20.6,0.65581
1,20.8,0.66919
1,21,0.68271
1,21.2,0.69637
1,21.4,0.71016
1,21.6,0.72408
1,21.8,0.73814
1,22,0.75234
1,22.2,0.76667
1,22.4,0.78113
1,22.6,0.79573
1,22.8,0.80991
1,23,0.82358
1,23.2,0.83674
1,23.4,0.84939
1,23.6,0.86152
1,23.8,0.87315
1,24,0.88427
1,24.2,0.89488
1,24.4,0.90498
1,24.6,0.91457
1,24.8,0.92365
1,25,0.93222
1,25.2,0.94028
1,25.4,0.94783
1,25.6,0.95487
1,25.8,0.9614
1,26,0.96742
1,26.2,0.97293
1,26.4,0.97793
1,26.6,0.98242
1,26.8,0.9864
1,27,0.98987
1,27.2,0.99284
1,27.4,0.99529
1,27.6,0.99723
1,27.8,0.99866
1,28,0.99958
1,28.2,1
1,28.4,1
1,28.6,1
1,28.8,1
1,29,1
1,29.2,1
1,29.4,1
1,29.6,1
1,29.8,1
1,30,1
1,30.2,1
1,30.4,1
1,30.6,1
1,30.8,1
1,31,1
1,31.2,1
1,31.4,1
1,31.6,1
1,31.8,1
1,32,1
1,32.2,1
1,32.4,1
1,32.6,1
1,32.8,1
1,33,1
1,33.2,1
1,33.4,1
1,33.6,1
1,33.8,1
1,34,1
1,34.2,1
1,34.4,1
1,34.6,1
1,34.8,1
1,35,1
1,35.2,1
1,35.4,1
1,35.6,1
1,35.8,1
1,36,1
1,36.2,1
1,36.4,1
1,36.6,1
1,36.8,1
1,37,1
1,37.2,1
1,37.4,1
1,37.6,1
1,37.8,1
1,38,1
1,38.2,1
1,38.4,1
1,38.6,1
1,38.8,1
1,39,1
1,39.2,1
1,39.4,1
1,39.6,1
1,39.8,1
1,40,1
2,0,0
2,0.2,0
2,0.4,0
2,0.6,0
2,0.8,0
2,1,0
2,1.2,0.00247
2,1.4,0.00743
2,1.6,0.01487
2,1.8,0.02479
2,2,0.03719
2,2.2,0.05207
2,2.4,0.06898
2,2.6,0.08574
2,2.8,0.10235
2,3,0.11881
2,3.2,0.13511
2,3.4,0.15127
2,3.6,0.16727
2,3.8,0.18312
2,4,0.19881
2,4.2,0.21435
2,4.4,0.22975
2,4.6,0.24498
2,4.8,0.26007
2,5,0.275
2,5.2,0.28979
2,5.4,0.30442
2,5.6,0.31889
2,5.8,0.33322
2,6,0.34739
2,6.2,0.36141
2,6.4,0.37528
2,6.6,0.389
2,6.8,0.40256
2,7,0.41597
2,7.2,0.42923
2,7.4,0.44234
2,7.6,0.45529
2,7.8,0.46809
2,8,0.48074
2,8.2,0.49324
2,8.4,0.50559
2,8.6,0.51778
2,8.8,0.52982
2,9,0.54171
2,9.2,0.55345
2,9.4,0.56503
2,9.6,0.57646
2,9.8,0.58774
2,10,0.59887
2,10.2,0.60984
2,10.4,0.62066
2,10.6,0.63133
2,10.8,0.64185
2,11,0.65222
2,11.2,0.66243
2,11.4,0.67249
2,11.6,0.6824
2,11.8,0.69216
2,12,0.70176
2,12.2,0.71121
2,12.4,0.72051
2,12.6,0.72966
2,12.8,0.73866
2,13,0.7475
2,13.2,0.75619
2,13.4,0.76473
2,13.6,0.77311
2,13.8,0.78135
2,14,0.78943
2,14.2,0.79736
2,14.4,0.80513
2,14.6,0.81276
2,14.8,0.82023
2,15,0.82755
2,15.2,0.83472
2,15.4,0.84173
2,15.6,0.8486
2,15.8,0.85531
2,16,0.86187
2,16.2,0.86827
2,16.4,0.87453
2,16.6,0.88063
2,16.8,0.88658
2,17,0.89237
2,17.2,0.89802
2,17.4,0.90351
2,17.6,0.90885
2,17.8,0.91404
2,18,0.91907
2,18.2,0.92396
2,18.4,0.92869
2,18.6,0.93327
2,18.8,0.93769
2,19,0.94197
2,19.2,0.94609
2,19.4,0.95006
2,19.6,0.95388
2,19.8,0.95754
2,20,0.96105
2,20.2,0.96441
2,20.4,0.96762
2,20.6,0.97068
2,20.8,0.97358
2,21,0.97633
2,21.2,0.97893
2,21.4,0.98138
2,21.6,0.98367
2,21.8,0.98582
2,22,0.98781
2,22.2,0.98964
2,22.4,0.99133
2,22.6,0.99286
2,22.8,0.99424
2,23,0.99547
2,23.2,0.99655
2,23.4,0.99747
2,23.6,0.99824
2,23.8,0.99886
2,24,0.99933
2,24.2,0.99964
2,24.4,0.99981
2,24.6,0.99982
2,24.8,0.99982
2,25,0.99982
2,25.2,0.99982
2,25.4,0.99982
2,25.6,0.99982
2,25.8,0.99982
2,26,0.99982
2,26.2,0.99982
2,26.4,0.99982
2,26.6,0.99982
2,26.8,0.99982
2,27,0.99982
2,27.2,0.99982
2,27.4,0.99982
2,27.6,0.99982
2,27.8,0.99982
2,28,0.99982
2,28.2,0.99982
2,28.4,0.99982
2,28.6,0.99982
2,28.8,0.99982
2,29,0.99982
2,29.2,0.99982
2,29.4,0.99982
2,29.6,0.99982
2,29.8,0.99982
2,30,0.99982
2,30.2,0.99982
2,30.4,0.99982
2,30.6,0.99982
2,30.8,0.99982
2,31,0.99982
2,31.2,0.99982
2,31.4,0.99982
2,31.6,0.99982
2,31.8,0.99982
2,32,0.99982
2,32.2,0.99982
2,32.4,0.99982
2,32.6,0.99982
2,32.8,0.99982
2,33,0.99982
2,33.2,0.99982
2,33.4,0.99982
2,33.6,0.99982
2,33.8,0.99982
2,34,0.99982
2,34.2,0.99982
2,34.4,0.99982
2,34.6,0.99982
2,34.8,0.99982
2,35,0.99982
2,35.2,0.99982
2,35.4,0.99982
2,35.6,0.99982
2,35.8,0.99982
2,36,0.99982
2,36.2,0.99982
2,36.4,0.99982
2,36.6,0.99982
2,36.8,0.99982
2,37,0.99982
2,37.2,0.99982
2,37.4,0.99982
2,37.6,0.99982
2,37.8,0.99982
2,38,0.99982
2,38.2,0.99982
2,38.4,0.99982
2,38.6,0.99982
2,38.8,0.99982
2,39,0.99982
2,39.2,0.99982
2,39.4,0.99982
2,39.6,0.99982
2,39.8,0.99982
2,40,0.99982
3,0,0
3,0.2,0
3,0.4,0
3,0.6,0
3,0.8,0
3,1,0
3,1.2,3.4e-4
3,1.4,0.00104
3,1.6,0.00209
3,1.8,0.00349
3,2,0.00524
3,2.2,0.00734
3,2.4,0.00978
3,2.6,0.01258
3,2.8,0.01573
3,3,0.01923
3,3.2,0.02307
3,3.4,0.02727
3,3.6,0.03181
3,3.8,0.03671
3,4,0.04195
3,4.2,0.04755
3,4.4,0.05349
3,4.6,0.05978
3,4.8,0.06643
3,5,0.07342
3,5.2,0.08076
3,5.4,0.08845
3,5.6,0.09649
3,5.8,0.10489
3,6,0.11363
3,6.2,0.12272
3,6.4,0.13216
3,6.6,0.14195
3,6.8,0.15209
3,7,0.16258
3,7.2,0.17342
3,7.4,0.1846
3,7.6,0.19614
3,7.8,0.20803
3,8,0.22027
3,8.2,0.23285
3,8.4,0.24579
3,8.6,0.25908
3,8.8,0.27271
3,9,0.2867
3,9.2,0.30103
3,9.4,0.31572
3,9.6,0.3305
3,9.8,0.34513
3,10,0.35959
3,10.2,0.37389
3,10.4,0.38803
3,10.6,0.40201
3,10.8,0.41583
3,11,0.42948
3,11.2,0.44298
3,11.4,0.45631
3,11.6,0.46948
3,11.8,0.48249
3,12,0.49534
3,12.2,0.50802
3,12.4,0.52055
3,12.6,0.53291
3,12.8,0.54511
3,13,0.55715
3,13.2,0.56903
3,13.4,0.58075
3,13.6,0.59231
3,13.8,0.6037
3,14,0.61493
3,14.2,0.62601
3,14.4,0.63691
3,14.6,0.64766
3,14.8,0.65825
3,15,0.66868
3,15.2,0.67894
3,15.4,0.68904
3,15.6,0.69898
3,15.8,0.70876
3,16,0.71838
3,16.2,0.72784
3,16.4,0.73713
3,16.6,0.74626
3,16.8,0.75523
3,17,0.76404
3,17.2,0.77269
3,17.4,0.78118
3,17.6,0.78951
3,17.8,0.79767
3,18,0.80567
3,18.2,0.81351
3,18.4,0.82119
3,18.6,0.82871
3,18.8,0.83607
3,19,0.84326
3,19.2,0.8503
3,19.4,0.85717
3,19.6,0.86388
3,19.8,0.87043
3,20,0.87682
3,20.2,0.88304
3,20.4,0.88911
3,20.6,0.89501
3,20.8,0.90075
3,21,0.90633
3,21.2,0.91175
3,21.4,0.91701
3,21.6,0.9221
3,21.8,0.92704
3,22,0.93181
3,22.2,0.93642
3,22.4,0.94087
3,22.6,0.94516
3,22.8,0.94928
3,23,0.95325
3,23.2,0.95705
3,23.4,0.96069
3,23.6,0.96417
3,23.8,0.96749
3,24,0.97065
3,24.2,0.97364
3,24.4,0.97648
3,24.6,0.97915
3,24.8,0.98166
3,25,0.98401
3,25.2,0.9862
3,25.4,0.98823
3,25.6,0.99009
3,25.8,0.9918
3,26,0.99334
3,26.2,0.99472
3,26.4,0.99594
3,26.6,0.997
3,26.8,0.99789
3,27,0.99863
3,27.2,0.9992
3,27.4,0.99961
3,27.6,0.99986
3,27.8,0.99995
3,28,0.99995
3,28.2,0.99995
3,28.4,0.99995
3,28.6,0.99995
3,28.8,0.99995
3,29,0.99995
3,29.2,0.99995
3,29.4,0.99995
3,29.6,0.99995
3,29.8,0.99995
3,30,0.99995
3,30.2,0.99995
3,30.4,0.99995
3,30.6,0.99995
3,30.8,0.99995
3,31,0.99995
3,31.2,0.99995
3,31.4,0.99995
3,31.6,0.99995
3,31.8,0.99995
3,32,0.99995
3,32.2,0.99995
3,32.4,0.99995
3,32.6,0.99995
3,32.8,0.99995
3,33,0.99995
3,33.2,0.99995
3,33.4,0.99995
3,33.6,0.99995
3,33.8,0.99995
3,34,0.99995
3,34.2,0.99995
3,34.4,0.99995
3,34.6,0.99995
3,34.8,0.99995
3,35,0.99995
3,35.2,0.99995
3,35.4,0.99995
3,35.6,0.99995
3,35.8,0.99995
3,36,0.99995
3,36.2,0.99995
3,36.4,0.99995
3,36.6,0.99995
3,36.8,0.99995
3,37,0.99995
3,37.2,0.99995
3,37.4,0.99995
3,37.6,0.99995
3,37.8,0.99995
3,38,0.99995
3,38.2,0.99995
3,38.4,0.99995
3,38.6,0.99995
3,38.8,0.99995
3,39,0.99995
3,39.2,0.99995
3,39.4,0.99995
3,39.6,0.99995
3,39.8,0.99995
3,40,0.99995
4,0,0
4,0.2,0
4,0.4,0
4,0.6,0
4,0.8,0
4,1,0
4,1.2,0.00227
4,1.4,0.00681
4,1.6,0.01363
4,1.8,0.02272
4,2,0.03408
4,2.2,0.04772
4,2.4,0.06363
4,2.6,0.08181
4,2.8,0.10226
4,3,0.12499
4,3.2,0.14998
4,3.4,0.17726
4,3.6,0.2068
4,3.8,0.23688
4,4,0.26639
4,4.2,0.29531
4,4.4,0.32365
4,4.6,0.35141
4,4.8,0.37858
4,5,0.40518
4,5.2,0.43119
4,5.4,0.45662
4,5.6,0.48147
4,5.8,0.50574
4,6,0.52942
4,6.2,0.55252
4,6.4,0.57505
4,6.6,0.59699
4,6.8,0.61834
4,7,0.63912
4,7.2,0.65931
4,7.4,0.67892
4,7.6,0.69796
4,7.8,0.7164
4,8,0.73427
4,8.2,0.75156
4,8.4,0.76826
4,8.6,0.78438
4,8.8,0.79992
4,9,0.81488
4,9.2,0.82925
4,9.4,0.84305
4,9.6,0.85626
4,9.8,0.86889
4,10,0.88094
4,10.2,0.8924
4,10.4,0.90329
4,10.6,0.91359
4,10.8,0.92331
4,11,0.93245
4,11.2,0.94101
4,11.4,0.94898
4,11.6,0.95638
4,11.8,0.96319
4,12,0.96942
4,12.2,0.97507
4,12.4,0.98013
4,12.6,0.98462
4,12.8,0.98852
4,13,0.99184
4,13.2,0.99458
4,13.4,0.99673
4,13.6,0.99831
4,13.8,0.9993
4,14,0.99971
4,14.2,0.99971
4,14.4,0.99971
4,14.6,0.99971
4,14.8,0.99971
4,15,0.99971
4,15.2,0.99971
4,15.4,0.99971
4,15.6,0.99971
4,15.8,0.99971
4,16,0.99971
4,16.2,0.99971
4,16.4,0.99971
4,16.6,0.99971
4,16.8,0.99971
4,17,0.99971
4,17.2,0.99971
4,17.4,0.99971
4,17.6,0.99971
4,17.8,0.99971
4,18,0.99971
4,18.2,0.99971
4,18.4,0.99971
4,18.6,0.99971
4,18.8,0.99971
4,19,0.99971
4,19.2,0.99971
4,19.4,0.99971
4,19.6,0.99971
4,19.8,0.99971
4,20,0.99971
4,20.2,0.99971
4,20.4,0.99971
4,20.6,0.99971
4,20.8,0.99971
4,21,0.99971
4,21.2,0.99971
4,21.4,0.99971
4,21.6,0.99971
4,21.8,0.99971
4,22,0.99971
4,22.2,0.99971
4,22.4,0.99971
4,22.6,0.99971
4,22.8,0.99971
4,23,0.99971
4,23.2,0.99971
4,23.4,0.99971
4,23.6,0.99971
4,23.8,0.99971
4,24,0.99971
4,24.2,0.99971
4,24.4,0.99971
4,24.6,0.99971
4,24.8,0.99971
4,25,0.99971
4,25.2,0.99971
4,25.4,0.99971
4,25.6,0.99971
4,25.8,0.99971
4,26,0.99971
4,26.2,0.99971
4,26.4,0.99971
4,26.6,0.99971
4,26.8,0.99971
4,27,0.99971
4,27.2,0.99971
4,27.4,0.99971
4,27.6,0.99971
4,27.8,0.99971
4,28,0.99971
4,28.2,0.99971
4,28.4,0.99971
4,28.6,0.99971
4,28.8,0.99971
4,29,0.99971
4,29.2,0.99971
4,29.4,0.99971
4,29.6,0.99971
4,29.8,0.99971
4,30,0.99971
4,30.2,0.99971
4,30.4,0.99971
4,30.6,0.99971
4,30.8,0.99971
4,31,0.99971
4,31.2,0.99971
4,31.4,0.99971
4,31.6,0.99971
4,31.8,0.99971
4,32,0.99971
4,32.2,0.99971
4,32.4,0.99971
4,32.6,0.99971
4,32.8,0.99971
4,33,0.99971
4,33.2,0.99971
4,33.4,0.99971
4,33.6,0.99971
4,33.8,0.99971
4,34,0.99971
4,34.2,0.99971
4,34.4,0.99971
4,34.6,0.99971
4,34.8,0.99971
4,35,0.99971
4,35.2,0.99971
4,35.4,0.99971
4,35.6,0.99971
4,35.8,0.99971
4,36,0.99971
4,36.2,0.99971
4,36.4,0.99971
4,36.6,0.99971
4,36.8,0.99971
4,37,0.99971
4,37.2,0.99971
4,37.4,0.99971
4,37.6,0.99971
4,37.8,0.99971
4,38,0.99971
4,38.2,0.99971
4,38.4,0.99971
4,38.6,0.99971
4,38.8,0.99971
4,39,0.99971
4,39.2,0.99971
4,39.4,0.99971
4,39.6,0.99971
4,39.8,0.99971
4,40,0.99971
5,0,0
5,0.2,0
5,0.4,0
5,0.6,0
5,0.8,0
5,1,0
5,1.2,0.0013
5,1.4,0.00392
5,1.6,0.00784
5,1.8,0.01307
5,2,0.0196
5,2.2,0.02745
5,2.4,0.0366
5,2.6,0.04705
5,2.8,0.05882
5,3,0.07189
5,3.2,0.08615
5,3.4,0.1003
5,3.6,0.11435
5,3.8,0.12828
5,4,0.1421
5,4.2,0.15581
5,4.4,0.16941
5,4.6,0.1829
5,4.8,0.19628
5,5,0.20955
5,5.2,0.22271
5,5.4,0.23576
5,5.6,0.2487
5,5.8,0.26152
5,6,0.27424
5,6.2,0.28685
5,6.4,0.29934
5,6.6,0.31173
5,6.8,0.324
5,7,0.33617
5,7.2,0.34822
5,7.4,0.36017
5,7.6,0.372
5,7.8,0.38372
5,8,0.39534
5,8.2,0.40684
5,8.4,0.41823
5,8.6,0.42951
5,8.8,0.44068
5,9,0.45174
5,9.2,0.46269
5,9.4,0.47353
5,9.6,0.48426
5,9.8,0.49488
5,10,0.50538
5,10.2,0.51578
5,10.4,0.52607
5,10.6,0.53625
5,10.8,0.54631
5,11,0.55627
5,11.2,0.56611
5,11.4,0.57585
5,11.6,0.58547
5,11.8,0.59498
5,12,0.60439
5,12.2,0.61368
5,12.4,0.62286
5,12.6,0.63194
5,12.8,0.6409
5,13,0.64975
5,13.2,0.65849
5,13.4,0.66712
5,13.6,0.67564
5,13.8,0.68405
5,14,0.69235
5,14.2,0.70053
5,14.4,0.70861
5,14.6,0.71658
5,14.8,0.72444
5,15,0.73218
5,15.2,0.73982
5,15.4,0.74734
5,15.6,0.75476
5,15.8,0.76206
5,16,0.76926
5,16.2,0.77634
5,16.4,0.78331
5,16.6,0.79018
5,16.8,0.79693
5,17,0.80357
5,17.2,0.8101
5,17.4,0.81652
5,17.6,0.82283
5,17.8,0.82903
5,18,0.83512
5,18.2,0.8411
5,18.4,0.84697
5,18.6,0.85273
5,18.8,0.85838
5,19,0.86392
5,19.2,0.86934
5,19.4,0.87466
5,19.6,0.87986
5,19.8,0.88496
5,20,0.88995
5,20.2,0.89482
5,20.4,0.89958
5,20.6,0.90424
5,20.8,0.90878
5,21,0.91321
5,21.2,0.91754
5,21.4,0.92175
5,21.6,0.92585
5,21.8,0.92984
5,22,0.93372
5,22.2,0.93749
5,22.4,0.94115
5,22.6,0.9447
5,22.8,0.94814
5,23,0.95147
5,23.2,0.95468
5,23.4,0.95779
5,23.6,0.96079
5,23.8,0.96367
5,24,0.96645
5,24.2,0.96911
5,24.4,0.97167
5,24.6,0.97411
5,24.8,0.97645
5,25,0.97867
5,25.2,0.98079
5,25.4,0.98279
5,25.6,0.98468
5,25.8,0.98646
5,26,0.98813
5,26.2,0.98969
5,26.4,0.99114
5,26.6,0.99248
5,26.8,0.99371
5,27,0.99483
5,27.2,0.99584
5,27.4,0.99674
5,27.6,0.99753
5,27.8,0.9982
5,28,0.99877
5,28.2,0.99923
5,28.4,0.99957
5,28.6,0.99981
5,28.8,0.99993
5,29,0.99995
5,29.2,0.99995
5,29.4,0.99995
5,29.6,0.99995
5,29.8,0.99995
5,30,0.99995
5,30.2,0.99995
5,30.4,0.99995
5,30.6,0.99995
5,30.8,0.99995
5,31,0.99995
5,31.2,0.99995
5,31.4,0.99995
5,31.6,0.99995
5,31.8,0.99995
5,32,0.99995
5,32.2,0.99995
5,32.4,0.99995
5,32.6,0.99995
5,32.8,0.99995
5,33,0.99995
5,33.2,0.99995
5,33.4,0.99995
5,33.6,0.99995
5,33.8,0.99995
5,34,0.99995
5,34.2,0.99995
5,34.4,0.99995
5,34.6,0.99995
5,34.8,0.99995
5,35,0.99995
5,35.2,0.99995
5,35.4,0.99995
5,35.6,0.99995
5,35.8,0.99995
5,36,0.99995
5,36.2,0.99995
5,36.4,0.99995
5,36.6,0.99995
5,36.8,0.99995
5,37,0.99995
5,37.2,0.99995
5,37.4,0.99995
5,37.6,0.99995
5,37.8,0.99995
5,38,0.99995
5,38.2,0.99995
5,38.4,0.99995
5,38.6,0.99995
5,38.8,0.99995
5,39,0.99995
5,39.2,0.99995
5,39.4,0.99995
5,39.6,0.99995
5,39.8,0.99995
5,40,0.99995
6,0,0
6,0.2,0
6,0.4,0
6,0.6,0
6,0.8,0
6,1,0
6,1.2,4.7e-4
6,1.4,0.00141
6,1.6,0.00283
6,1.8,0.00473
6,2,0.00709
6,2.2,0.00993
6,2.4,0.01325
6,2.6,0.01703
6,2.8,0.02129
6,3,0.02602
6,3.2,0.03123
6,3.4,0.03691
6,3.6,0.04306
6,3.8,0.04969
6,4,0.05678
6,4.2,0.06436
6,4.4,0.0724
6,4.6,0.08092
6,4.8,0.08991
6,5,0.09938
6,5.2,0.10931
6,5.4,0.11973
6,5.6,0.13061
6,5.8,0.14197
6,6,0.1538
6,6.2,0.1661
6,6.4,0.17888
6,6.6,0.19213
6,6.8,0.20586
6,7,0.22005
6,7.2,0.23472
6,7.4,0.24936
6,7.6,0.26385
6,7.8,0.2782
6,8,0.29242
6,8.2,0.30649
6,8.4,0.32041
6,8.6,0.3342
6,8.8,0.34785
6,9,0.36135
6,9.2,0.37472
6,9.4,0.38794
6,9.6,0.40102
6,9.8,0.41396
6,10,0.42676
6,10.2,0.43941
6,10.4,0.45193
6,10.6,0.4643
6,10.8,0.47654
6,11,0.48863
6,11.2,0.50058
6,11.4,0.51239
6,11.6,0.52405
6,11.8,0.53558
6,12,0.54697
6,12.2,0.55821
6,12.4,0.56931
6,12.6,0.58027
6,12.8,0.59109
6,13,0.60177
6,13.2,0.61231
6,13.4,0.62271
6,13.6,0.63296
6,13.8,0.64307
6,14,0.65305
6,14.2,0.66288
6,14.4,0.67257
6,14.6,0.68211
6,14.8,0.69152
6,15,0.70079
6,15.2,0.70991
6,15.4,0.71889
6,15.6,0.72774
6,15.8,0.73644
6,16,0.745
6,16.2,0.75341
6,16.4,0.76169
6,16.6,0.76983
6,16.8,0.77782
6,17,0.78567
6,17.2,0.79338
6,17.4,0.80095
6,17.6,0.80838
6,17.8,0.81567
6,18,0.82282
6,18.2,0.82982
6,18.4,0.83668
6,18.6,0.84341
6,18.8,0.84999
6,19,0.85643
6,19.2,0.86273
6,19.4,0.86888
6,19.6,0.8749
6,19.8,0.88077
6,20,0.88651
6,20.2,0.8921
6,20.4,0.89755
6,20.6,0.90286
6,20.8,0.90803
6,21,0.91305
6,21.2,0.91794
6,21.4,0.92268
6,21.6,0.92728
6,21.8,0.93175
6,22,0.93607
6,22.2,0.94025
6,22.4,0.94428
6,22.6,0.94818
6,22.8,0.95193
6,23,0.95555
6,23.2,0.95902
6,23.4,0.96235
6,23.6,0.96554
6,23.8,0.96859
6,24,0.9715
6,24.2,0.97426
6,24.4,0.97689
6,24.6,0.97937
6,24.8,0.98171
6,25,0.98391
6,25.2,0.98597
6,25.4,0.98789
6,25.6,0.98967
6,25.8,0.9913
6,26,0.9928
6,26.2,0.99415
6,26.4,0.99536
6,26.6,0.99643
6,26.8,0.99736
6,27,0.99815
6,27.2,0.9988
6,27.4,0.9993
6,27.6,0.99966
6,27.8,0.99989
6,28,0.99997
6,28.2,0.99997
6,28.4,0.99997
6,28.6,0.99997
6,28.8,0.99997
6,29,0.99997
6,29.2,0.99997
6,29.4,0.99997
6,29.6,0.99997
6,29.8,0.99997
6,30,0.99997
6,30.2,0.99997
6,30.4,0.99997
6,30.6,0.99997
6,30.8,0.99997
6,31,0.99997
6,31.2,0.99997
6,31.4,0.99997
6,31.6,0.99997
6,31.8,0.99997
6,32,0.99997
6,32.2,0.99997
6,32.4,0.99997
6,32.6,0.99997
6,32.8,0.99997
6,33,0.99997
6,33.2,0.99997
6,33.4,0.99997
6,33.6,0.99997
6,33.8,0.99997
6,34,0.99997
6,34.2,0.99997
6,34.4,0.99997
6,34.6,0.99997
6,34.8,0.99997
6,35,0.99997
6,35.2,0.99997
6,35.4,0.99997
6,35.6,0.99997
6,35.8,0.99997
6,36,0.99997
6,36.2,0.99997
6,36.4,0.99997
6,36.6,0.99997
6,36.8,0.99997
6,37,0.99997
6,37.2,0.99997
6,37.4,0.99997
6,37.6,0.99997
6,37.8,0.99997
6,38,0.99997
6,38.2,0.99997
6,38.4,0.99997
6,38.6,0.99997
6,38.8,0.99997
6,39,0.99997
6,39.2,0.99997
6,39.4,0.99997
6,39.6,0.99997
6,39.8,0.99997
6,40,0.99997
7,0,0
7,0.2,0
7,0.4,0
7,0.6,0
7,0.8,0
7,1,0
7,1.2,0.0013
7,1.4,0.00392
7,1.6,0.00785
7,1.8,0.01309
7,2,0.01963
7,2.2,0.02749
7,2.4,0.03665
7,2.6,0.04713
7,2.8,0.05891
7,3,0.072
7,3.2,0.0864
7,3.4,0.10212
7,3.6,0.11914
7,3.8,0.13747
7,4,0.1571
7,4.2,0.17805
7,4.4,0.20031
7,4.6,0.22388
7,4.8,0.24762
7,5,0.27099
7,5.2,0.29399
7,5.4,0.31663
7,5.6,0.33889
7,5.8,0.36079
7,6,0.38232
7,6.2,0.40348
7,6.4,0.42427
7,6.6,0.44469
7,6.8,0.46474
7,7,0.48442
7,7.2,0.50374
7,7.4,0.52268
7,7.6,0.54126
7,7.8,0.55947
7,8,0.57731
7,8.2,0.59478
7,8.4,0.61188
7,8.6,0.62861
7,8.8,0.64498
7,9,0.66097
7,9.2,0.6766
7,9.4,0.69186
7,9.6,0.70675
7,9.8,0.72127
7,10,0.73542
7,10.2,0.7492
7,10.4,0.76261
7,10.6,0.77566
7,10.8,0.78833
7,11,0.80064
7,11.2,0.81258
7,11.4,0.82415
7,11.6,0.83535
7,11.8,0.84618
7,12,0.85664
7,12.2,0.86674
7,12.4,0.87646
7,12.6,0.88582
7,12.8,0.89481
7,13,0.90343
7,13.2,0.91168
7,13.4,0.91956
7,13.6,0.92707
7,13.8,0.93421
7,14,0.94099
7,14.2,0.94739
7,14.4,0.95343
7,14.6,0.9591
7,14.8,0.9644
7,15,0.96933
7,15.2,0.97389
7,15.4,0.97808
7,15.6,0.9819
7,15.8,0.98536
7,16,0.98844
7,16.2,0.99116
7,16.4,0.99351
7,16.6,0.99549
7,16.8,0.9971
7,17,0.99834
7,17.2,0.99921
7,17.4,0.99972
7,17.6,0.99985
7,17.8,0.99985
7,18,0.99985
7,18.2,0.99985
7,18.4,0.99985
7,18.6,0.99985
7,18.8,0.99985
7,19,0.99985
7,19.2,0.99985
7,19.4,0.99985
7,19.6,0.99985
7,19.8,0.99985
7,20,0.99985
7,20.2,0.99985
7,20.4,0.99985
7,20.6,0.99985
7,20.8,0.99985
7,21,0.99985
7,21.2,0.99985
7,21.4,0.99985
7,21.6,0.99985
7,21.8,0.99985
7,22,0.99985
7,22.2,0.99985
7,22.4,0.99985
7,22.6,0.99985
7,22.8,0.99985
7,23,0.99985
7,23.2,0.99985
7,23.4,0.99985
7,23.6,0.99985
7,23.8,0.99985
7,24,0.99985
7,24.2,0.99985
7,24.4,0.99985
7,24.6,0.99985
7,24.8,0.99985
7,25,0.99985
7,25.2,0.99985
7,25.4,0.99985
7,25.6,0.99985
7,25.8,0.99985
7,26,0.99985
7,26.2,0.99985
7,26.4,0.99985
7,26.6,0.99985
7,26.8,0.99985
7,27,0.99985
7,27.2,0.99985
7,27.4,0.99985
7,27.6,0.99985
7,27.8,0.99985
7,28,0.99985
7,28.2,0.99985
7,28.4,0.99985
7,28.6,0.99985
7,28.8,0.99985
7,29,0.99985
7,29.2,0.99985
7,29.4,0.99985
7,29.6,0.99985
7,29.8,0.99985
7,30,0.99985
7,30.2,0.99985
7,30.4,0.99985
7,30.6,0.99985
7,30.8,0.99985
7,31,0.99985
7,31.2,0.99985
7,31.4,0.99985
7,31.6,0.99985
7,31.8,0.99985
7,32,0.99985
7,32.2,0.99985
7,32.4,0.99985
7,32.6,0.99985
7,32.8,0.99985
7,33,0.99985
7,33.2,0.99985
7,33.4,0.99985
7,33.6,0.99985
7,33.8,0.99985
7,34,0.99985
7,34.2,0.99985
7,34.4,0.99985
7,34.6,0.99985
7,34.8,0.99985
7,35,0.99985
7,35.2,0.99985
7,35.4,0.99985
7,35.6,0.99985
7,35.8,0.99985
7,36,0.99985
7,36.2,0.99985
7,36.4,0.99985
7,36.6,0.99985
7,36.8,0.99985
7,37,0.99985
7,37.2,0.99985
7,37.4,0.99985
7,37.6,0.99985
7,37.8,0.99985
7,38,0.99985
7,38.2,0.99985
7,38.4,0.99985
7,38.6,0.99985
7,38.8,0.99985
7,39,0.99985
7,39.2,0.99985
7,39.4,0.99985
7,39.6,0.99985
7,39.8,0.99985
7,40,0.99985
8,0,0
8,0.2,0
8,0.4,0
8,0.6,0
8,0.8,0
8,1,0
8,1.2,0.00212
8,1.4,0.00636
8,1.6,0.01272
8,1.8,0.0212
8,2,0.0318
8,2.2,0.04452
8,2.4,0.05936
8,2.6,0.07632
8,2.8,0.0954
8,3,0.1166
8,3.2,0.13992
8,3.4,0.16536
8,3.6,0.19292
8,3.8,0.2226
8,4,0.25441
8,4.2,0.28833
8,4.4,0.32437
8,4.6,0.36156
8,4.8,0.39771
8,5,0.43279
8,5.2,0.46683
8,5.4,0.49981
8,5.6,0.53174
8,5.8,0.56262
8,6,0.59244
8,6.2,0.62121
8,6.4,0.64892
8,6.6,0.67558
8,6.8,0.70119
8,7,0.72575
8,7.2,0.74925
8,7.4,0.7717
8,7.6,0.79309
8,7.8,0.81343
8,8,0.83272
8,8.2,0.85095
8,8.4,0.86814
8,8.6,0.88426
8,8.8,0.89934
8,9,0.91336
8,9.2,0.92633
8,9.4,0.93824
8,9.6,0.9491
8,9.8,0.95891
8,10,0.96766
8,10.2,0.97536
8,10.4,0.98201
8,10.6,0.9876
8,10.8,0.99214
8,11,0.99563
8,11.2,0.99806
8,11.4,0.99944
8,11.6,0.99977
8,11.8,0.99977
8,12,0.99977
8,12.2,0.99977
8,12.4,0.99977
8,12.6,0.99977
8,12.8,0.99977
8,13,0.99977
8,13.2,0.99977
8,13.4,0.99977
8,13.6,0.99977
8,13.8,0.99977
8,14,0.99977
8,14.2,0.99977
8,14.4,0.99977
8,14.6,0.99977
8,14.8,0.99977
8,15,0.99977
8,15.2,0.99977
8,15.4,0.99977
8,15.6,0.99977
8,15.8,0.99977
8,16,0.99977
8,16.2,0.99977
8,16.4,0.99977
8,16.6,0.99977
8,16.8,0.99977
8,17,0.99977
8,17.2,0.99977
8,17.4,0.99977
8,17.6,0.99977
8,17.8,0.99977
8,18,0.99977
8,18.2,0.99977
8,18.4,0.99977
8,18.6,0.99977
8,18.8,0.99977
8,19,0.99977
8,19.2,0.99977
8,19.4,0.99977
8,19.6,0.99977
8,19.8,0.99977
8,20,0.99977
8,20.2,0.99977
8,20.4,0.99977
8,20.6,0.99977
8,20.8,0.99977
8,21,0.99977
8,21.2,0.99977
8,21.4,0.99977
8,21.6,0.99977
8,21.8,0.99977
8,22,0.99977
8,22.2,0.99977
8,22.4,0.99977
8,22.6,0.99977
8,22.8,0.99977
8,23,0.99977
8,23.2,0.99977
8,23.4,0.99977
8,23.6,0.99977
8,23.8,0.99977
8,24,0.99977
8,24.2,0.99977
8,24.4,0.99977
8,24.6,0.99977
8,24.8,0.99977
8,25,0.99977
8,25.2,0.99977
8,25.4,0.99977
8,25.6,0.99977
8,25.8,0.99977
8,26,0.99977
8,26.2,0.99977
8,26.4,0.99977
8,26.6,0.99977
8,26.8,0.99977
8,27,0.99977
8,27.2,0.99977
8,27.4,0.99977
8,27.6,0.99977
8,27.8,0.99977
8,28,0.99977
8,28.2,0.99977
8,28.4,0.99977
8,28.6,0.99977
8,28.8,0.99977
8,29,0.99977
8,29.2,0.99977
8,29.4,0.99977
8,29.6,0.99977
8,29.8,0.99977
8,30,0.99977
8,30.2,0.99977
8,30.4,0.99977
8,30.6,0.99977
8,30.8,0.99977
8,31,0.99977
8,31.2,0.99977
8,31.4,0.99977
8,31.6,0.99977
8,31.8,0.99977
8,32,0.99977
8,32.2,0.99977
8,32.4,0.99977
8,32.6,0.99977
8,32.8,0.99977
8,33,0.99977
8,33.2,0.99977
8,33.4,0.99977
8,33.6,0.99977
8,33.8,0.99977
8,34,0.99977
8,34.2,0.99977
8,34.4,0.99977
8,34.6,0.99977
8,34.8,0.99977
8,35,0.99977
8,35.2,0.99977
8,35.4,0.99977
8,35.6,0.99977
8,35.8,0.99977
8,36,0.99977
8,36.2,0.99977
8,36.4,0.99977
8,36.6,0.99977
8,36.8,0.99977
8,37,0.99977
8,37.2,0.99977
8,37.4,0.99977
8,37.6,0.99977
8,37.8,0.99977
8,38,0.99977
8,38.2,0.99977
8,38.4,0.99977
8,38.6,0.99977
8,38.8,0.99977
8,39,0.99977
8,39.2,0.99977
8,39.4,0.99977
8,39.6,0.99977
8,39.8,0.99977
8,40,0.99977
9,0,0
9,0.2,0
9,0.4,0
9,0.6,0
9,0.8,0
9,1,0
9,1.2,3.2e-4
9,1.4,9.7e-4
9,1.6,0.00194
9,1.8,0.00323
9,2,0.00485
9,2.2,0.00679
9,2.4,0.00905
9,2.6,0.01164
9,2.8,0.01455
9,3,0.01779
9,3.2,0.02135
9,3.4,0.02523
9,3.6,0.02943
9,3.8,0.03396
9,4,0.03881
9,4.2,0.04399
9,4.4,0.04949
9,4.6,0.05531
9,4.8,0.06146
9,5,0.06793
9,5.2,0.07472
9,5.4,0.08184
9,5.6,0.08928
9,5.8,0.09704
9,6,0.10513
9,6.2,0.11354
9,6.4,0.12228
9,6.6,0.13134
9,6.8,0.14072
9,7,0.15042
9,7.2,0.16045
9,7.4,0.1708
9,7.6,0.18148
9,7.8,0.19248
9,8,0.2038
9,8.2,0.21545
9,8.4,0.22741
9,8.6,0.23971
9,8.8,0.25232
9,9,0.26526
9,9.2,0.27853
9,9.4,0.29211
9,9.6,0.30602
9,9.8,0.32026
9,10,0.33482
9,10.2,0.3497
9,10.4,0.3649
9,10.6,0.38043
9,10.8,0.39628
9,11,0.41246
9,11.2,0.42895
9,11.4,0.44578
9,11.6,0.46292
9,11.8,0.48039
9,12,0.49818
9,12.2,0.5163
9,12.4,0.53474
9,12.6,0.5535
9,12.8,0.57227
9,13,0.59064
9,13.2,0.60861
9,13.4,0.62617
9,13.6,0.64333
9,13.8,0.66009
9,14,0.67644
9,14.2,0.6924
9,14.4,0.70794
9,14.6,0.72309
9,14.8,0.73783
9,15,0.75216
9,15.2,0.7661
9,15.4,0.77963
9,15.6,0.79276
9,15.8,0.80548
9,16,0.8178
9,16.2,0.82972
9,16.4,0.84124
9,16.6,0.85235
9,16.8,0.86306
9,17,0.87336
9,17.2,0.88327
9,17.4,0.89277
9,17.6,0.90186
9,17.8,0.91055
9,18,0.91884
9,18.2,0.92673
9,18.4,0.93421
9,18.6,0.94129
9,18.8,0.94797
9,19,0.95424
9,19.2,0.96011
9,19.4,0.96558
9,19.6,0.97064
9,19.8,0.9753
9,20,0.97956
9,20.2,0.98341
9,20.4,0.98686
9,20.6,0.98991
9,20.8,0.99256
9,21,0.9948
9,21.2,0.99664
9,21.4,0.99807
9,21.6,0.9991
9,21.8,0.99973
9,22,0.99996
9,22.2,0.99996
9,22.4,0.99996
9,22.6,0.99996
9,22.8,0.99996
9,23,0.99996
9,23.2,0.99996
9,23.4,0.99996
9,23.6,0.99996
9,23.8,0.99996
9,24,0.99996
9,24.2,0.99996
9,24.4,0.99996
9,24.6,0.99996
9,24.8,0.99996
9,25,0.99996
9,25.2,0.99996
9,25.4,0.99996
9,25.6,0.99996
9,25.8,0.99996
9,26,0.99996
9,26.2,0.99996
9,26.4,0.99996
9,26.6,0.99996
9,26.8,0.99996
9,27,0.99996
9,27.2,0.99996
9,27.4,0.99996
9,27.6,0.99996
9,27.8,0.99996
9,28,0.99996
9,28.2,0.99996
9,28.4,0.99996
9,28.6,0.99996
9,28.8,0.99996
9,29,0.99996
9,29.2,0.99996
9,29.4,0.99996
9,29.6,0.99996
9,29.8,0.99996
9,30,0.99996
9,30.2,0.99996
9,30.4,0.99996
9,30.6,0.99996
9,30.8,0.99996
9,31,0.99996
9,31.2,0.99996
9,31.4,0.99996
9,31.6,0.99996
9,31.8,0.99996
9,32,0.99996
9,32.2,0.99996
9,32.4,0.99996
9,32.6,0.99996
9,32.8,0.99996
9,33,0.99996
9,33.2,0.99996
9,33.4,0.99996
9,33.6,0.99996
9,33.8,0.99996
9,34,0.99996
9,34.2,0.99996
9,34.4,0.99996
9,34.6,0.99996
9,34.8,0.99996
9,35,0.99996
9,35.2,0.99996
9,35.4,0.99996
9,35.6,0.99996
9,35.8,0.99996
9,36,0.99996
9,36.2,0.99996
9,36.4,0.99996
9,36.6,0.99996
9,36.8,0.99996
9,37,0.99996
9,37.2,0.99996
9,37.4,0.99996
9,37.6,0.99996
9,37.8,0.99996
9,38,0.99996
9,38.2,0.99996
9,38.4,0.99996
9,38.6,0.99996
9,38.8,0.99996
9,39,0.99996
9,39.2,0.99996
9,39.4,0.99996
9,39.6,0.99996
9,39.8,0.99996
9,40,0.99996
10,0,0
10,0.2,0
10,0.4,0
10,0.6,0
10,0.8,0
10,1,0
10,1.2,8.5e-4
10,1.4,0.00257
10,1.6,0.00514
10,1.8,0.00858
10,2,0.01287
10,2.2,0.01802
10,2.4,0.02403
10,2.6,0.03089
10,2.8,0.03862
10,3,0.0472
10,3.2,0.05664
10,3.4,0.06694
10,3.6,0.0781
10,3.8,0.09011
10,4,0.10298
10,4.2,0.11672
10,4.4,0.13131
10,4.6,0.14676
10,4.8,0.16306
10,5,0.1801
10,5.2,0.19696
10,5.4,0.21364
10,5.6,0.23015
10,5.8,0.24649
10,6,0.26264
10,6.2,0.27863
10,6.4,0.29444
10,6.6,0.31007
10,6.8,0.32553
10,7,0.34081
10,7.2,0.35592
10,7.4,0.37085
10,7.6,0.38561
10,7.8,0.40019
10,8,0.4146
10,8.2,0.42883
10,8.4,0.44289
10,8.6,0.45677
10,8.8,0.47048
10,9,0.48401
10,9.2,0.49737
10,9.4,0.51055
10,9.6,0.52356
10,9.8,0.53639
10,10,0.54904
10,10.2,0.56152
10,10.4,0.57383
10,10.6,0.58596
10,10.8,0.59792
10,11,0.6097
10,11.2,0.6213
10,11.4,0.63273
10,11.6,0.64399
10,11.8,0.65506
10,12,0.66597
10,12.2,0.6767
10,12.4,0.68725
10,12.6,0.69763
10,12.8,0.70783
10,13,0.71786
10,13.2,0.72772
10,13.4,0.73740000000000006
10,13.6,0.7469
10,13.8,0.75623
10,14,0.76538
10,14.2,0.77436
10,14.4,0.78316
10,14.6,0.79179
10,14.8,0.80024
10,15,0.80852
10,15.2,0.81662
10,15.4,0.82454
10,15.6,0.8323
10,15.8,0.83987
10,16,0.84727
10,16.2,0.8545
10,16.4,0.86155
10,16.6,0.86843
10,16.8,0.87513
10,17,0.88165
10,17.2,0.888
10,17.4,0.89418
10,17.6,0.90018
10,17.8,0.906
10,18,0.91165
10,18.2,0.91713
10,18.4,0.92242
10,18.6,0.92755
10,18.8,0.9325
10,19,0.93727
10,19.2,0.94187
10,19.4,0.94629
10,19.6,0.95054
10,19.8,0.95462
10,20,0.95851
10,20.2,0.96224
10,20.4,0.96578
10,20.6,0.96916
10,20.8,0.97235
10,21,0.97538
10,21.2,0.97822
10,21.4,0.9809
10,21.6,0.98339
10,21.8,0.98571
10,22,0.98786
10,22.2,0.98983
10,22.4,0.99163
10,22.6,0.99325
10,22.8,0.99469
10,23,0.99596
10,23.2,0.99706
10,23.4,0.99798
10,23.6,0.99873
10,23.8,0.9993
10,24,0.99969
10,24.2,0.99991
10,24.4,0.99995
10,24.6,0.99995
10,24.8,0.99995
10,25,0.99995
10,25.2,0.99995
10,25.4,0.99995
10,25.6,0.99995
10,25.8,0.99995
10,26,0.99995
10,26.2,0.99995
10,26.4,0.99995
10,26.6,0.99995
10,26.8,0.99995
10,27,0.99995
10,27.2,0.99995
10,27.4,0.99995
10,27.6,0.99995
10,27.8,0.99995
10,28,0.99995
10,28.2,0.99995
10,28.4,0.99995
10,28.6,0.99995
10,28.8,0.99995
10,29,0.99995
10,29.2,0.99995
10,29.4,0.99995
10,29.6,0.99995
10,29.8,0.99995
10,30,0.99995
10,30.2,0.99995
10,30.4,0.99995
10,30.6,0.99995
10,30.8,0.99995
10,31,0.99995
10,31.2,0.99995
10,31.4,0.99995
10,31.6,0.99995
10,31.8,0.99995
10,32,0.99995
10,32.2,0.99995
10,32.4,0.99995
10,32.6,0.99995
10,32.8,0.99995
10,33,0.99995
10,33.2,0.99995
10,33.4,0.99995
10,33.6,0.99995
10,33.8,0.99995
10,34,0.99995
10,34.2,0.99995
10,34.4,0.99995
10,34.6,0.99995
10,34.8,0.99995
10,35,0.99995
10,35.2,0.99995
10,35.4,0.99995
10,35.6,0.99995
10,35.8,0.99995
10,36,0.99995
10,36.2,0.99995
10,36.4,0.99995
10,36.6,0.99995
10,36.8,0.99995
10,37,0.99995
10,37.2,0.99995
10,37.4,0.99995
10,37.6,0.99995
10,37.8,0.99995
10,38,0.99995
10,38.2,0.99995
10,38.4,0.99995
10,38.6,0.99995
10,38.8,0.99995
10,39,0.99995
10,39.2,0.99995
10,39.4,0.99995
10,39.6,0.99995
10,39.8,0.99995
10,40,0.99995
11,0,0
11,0.2,0
11,0.4,0
11,0.6,0
11,0.8,0
11,1,0
11,1.2,5e-5
11,1.4,1.5e-4
11,1.6,3.1e-4
11,1.8,5.2e-4
11,2,7.9e-4
11,2.2,0.00111
11,2.4,0.00148
11,2.6,0.0019
11,2.8,0.00237
11,3,0.0029
11,3.2,0.00349
11,3.4,0.00412
11,3.6,0.00481
11,3.8,0.00555
11,4,0.00634
11,4.2,0.00719
11,4.4,0.00809
11,4.6,0.00904
11,4.8,0.01004
11,5,0.0111
11,5.2,0.01221
11,5.4,0.01337
11,5.6,0.01459
11,5.8,0.01586
11,6,0.01718
11,6.2,0.01856
11,6.4,0.01998
11,6.6,0.02147
11,6.8,0.023
11,7,0.02459
11,7.2,0.02622
11,7.4,0.02792
11,7.6,0.02966
11,7.8,0.03146
11,8,0.03331
11,8.2,0.03521
11,8.4,0.03717
11,8.6,0.03918
11,8.8,0.04124
11,9,0.04336
11,9.2,0.04553
11,9.4,0.04775
11,9.6,0.05002
11,9.8,0.05235
11,10,0.05473
11,10.2,0.05716
11,10.4,0.05965
11,10.6,0.06218
11,10.8,0.06478
11,11,0.06742
11,11.2,0.07012
11,11.4,0.07287
11,11.6,0.07567
11,11.8,0.07853
11,12,0.08143
11,12.2,0.08439
11,12.4,0.08741
11,12.6,0.09048
11,12.8,0.0936
11,13,0.09677
11,13.2,0.1
11,13.4,0.10327
11,13.6,0.10661
11,13.8,0.10999
11,14,0.11343
11,14.2,0.11692
11,14.4,0.12046
11,14.6,0.12406
11,14.8,0.12771
11,15,0.13141
11,15.2,0.13516
11,15.4,0.13897
11,15.6,0.14283
11,15.8,0.14674
11,16,0.15071
11,16.2,0.15473
11,16.4,0.1588
11,16.6,0.16292
11,16.8,0.1671
11,17,0.17133
11,17.2,0.17562
11,17.4,0.17995
11,17.6,0.18434
11,17.8,0.18878
11,18,0.19328
11,18.2,0.19783
11,18.4,0.20243
11,18.6,0.20708
11,18.8,0.21179
11,19,0.21655
11,19.2,0.22136
11,19.4,0.22622
11,19.6,0.23114
11,19.8,0.23611
11,20,0.24114
11,20.2,0.24621
11,20.4,0.25134
11,20.6,0.25653
11,20.8,0.26176
11,21,0.26705
11,21.2,0.27239
11,21.4,0.27778
11,21.6,0.28323
11,21.8,0.28873
11,22,0.29428
11,22.2,0.29989
11,22.4,0.30555
11,22.6,0.31126
11,22.8,0.31702
11,23,0.32284
11,23.2,0.32871
11,23.4,0.33463
11,23.6,0.34061
11,23.8,0.34664
11,24,0.35272
11,24.2,0.35885
11,24.4,0.36504
11,24.6,0.37128
11,24.8,0.37757
11,25,0.38392
11,25.2,0.39032
11,25.4,0.39677
11,25.6,0.40327
11,25.8,0.40983
11,26,0.41644
11,26.2,0.42311
11,26.4,0.42982
11,26.6,0.43659
11,26.8,0.44341
11,27,0.45029
11,27.2,0.45721
11,27.4,0.46419
11,27.6,0.47123
11,27.8,0.47831
11,28,0.48545
11,28.2,0.49265
11,28.4,0.49989
11,28.6,0.50719
11,28.8,0.51454
11,29,0.52194
11,29.2,0.5294
11,29.4,0.53691
11,29.6,0.54447
11,29.8,0.55208
11,30,0.55975
11,30.2,0.56747
11,30.4,0.57525
11,30.6,0.58307
11,30.8,0.59095
11,31,0.59889
11,31.2,0.60687
11,31.4,0.61491
11,31.6,0.623
11,31.8,0.63114
11,32,0.63934
11,32.2,0.64759
11,32.4,0.65589
11,32.6,0.66425
11,32.8,0.67266
11,33,0.68112
11,33.2,0.68963
11,33.4,0.6982
11,33.6,0.70682
11,33.8,0.71549
11,34,0.72422
11,34.2,0.73299
11,34.4,0.74183
11,34.6,0.7506
11,34.8,0.75922
11,35,0.76768
11,35.2,0.776
11,35.4,0.78417
11,35.6,0.79218
11,35.8,0.80004
11,36,0.80775
11,36.2,0.81531
11,36.4,0.82272
11,36.6,0.82997
11,36.8,0.83708
11,37,0.84403
11,37.2,0.85083
11,37.4,0.85748
11,37.6,0.86397
11,37.8,0.87032
11,38,0.87651
11,38.2,0.88256
11,38.4,0.88845
11,38.6,0.89419
11,38.8,0.89977
11,39,0.90521
11,39.2,0.9105
11,39.4,0.91563
11,39.6,0.92061
11,39.8,0.92544
11,40,0.93012
12,0,0
12,0.2,0
12,0.4,0
12,0.6,0
12,0.8,0
12,1,0
12,1.2,6.5e-4
12,1.4,0.00195
12,1.6,0.0039
12,1.8,0.0065
12,2,0.00975
12,2.2,0.01365
12,2.4,0.0182
12,2.6,0.0234
12,2.8,0.02925
12,3,0.03575
12,3.2,0.0429
12,3.4,0.0507
12,3.6,0.05916
12,3.8,0.06826
12,4,0.07801
12,4.2,0.08841
12,4.4,0.09946
12,4.6,0.11117
12,4.8,0.12352
12,5,0.13652
12,5.2,0.15017
12,5.4,0.16448
12,5.6,0.17943
12,5.8,0.19503
12,6,0.21112
12,6.2,0.22706
12,6.4,0.24283
12,6.6,0.25843
12,6.8,0.27388
12,7,0.28916
12,7.2,0.30428
12,7.4,0.31923
12,7.6,0.33403
12,7.8,0.34866
12,8,0.36313
12,8.2,0.37743
12,8.4,0.39158
12,8.6,0.40556
12,8.8,0.41938
12,9,0.43303
12,9.2,0.44653
12,9.4,0.45986
12,9.6,0.47303
12,9.8,0.48603
12,10,0.49887
12,10.2,0.51156
12,10.4,0.52407
12,10.6,0.53643
12,10.8,0.54862
12,11,0.56065
12,11.2,0.57252
12,11.4,0.58423
12,11.6,0.59577
12,11.8,0.60715
12,12,0.61837
12,12.2,0.62943
12,12.4,0.64032
12,12.6,0.65105
12,12.8,0.66162
12,13,0.67202
12,13.2,0.68227
12,13.4,0.69235
12,13.6,0.70227
12,13.8,0.71202
12,14,0.72162
12,14.2,0.73105
12,14.4,0.74031
12,14.6,0.74942
12,14.8,0.75836
12,15,0.76714
12,15.2,0.77576
12,15.4,0.78422
12,15.6,0.79251
12,15.8,0.80064
12,16,0.80861
12,16.2,0.81641
12,16.4,0.82405
12,16.6,0.83153
12,16.8,0.83885
12,17,0.84601
12,17.2,0.853
12,17.4,0.85983
12,17.6,0.8665
12,17.8,0.873
12,18,0.87935
12,18.2,0.88553
12,18.4,0.89154
12,18.6,0.8974
12,18.8,0.90309
12,19,0.90862
12,19.2,0.91399
12,19.4,0.91919
12,19.6,0.92423
12,19.8,0.92911
12,20,0.93383
12,20.2,0.93839
12,20.4,0.94278
12,20.6,0.94701
12,20.8,0.95107
12,21,0.95498
12,21.2,0.95872
12,21.4,0.9623
12,21.6,0.96572
12,21.8,0.96897
12,22,0.97206
12,22.2,0.97499
12,22.4,0.97776
12,22.6,0.98037
12,22.8,0.98281
12,23,0.98509
12,23.2,0.9872
12,23.4,0.98916
12,23.6,0.99095
12,23.8,0.99258
12,24,0.99405
12,24.2,0.99535
12,24.4,0.99649
12,24.6,0.99747
12,24.8,0.99829
12,25,0.99894
12,25.2,0.99943
12,25.4,0.99976
12,25.6,0.99993
12,25.8,0.99993
12,26,0.99993
12,26.2,0.99993
12,26.4,0.99993
12,26.6,0.99993
12,26.8,0.99993
12,27,0.99993
12,27.2,0.99993
12,27.4,0.99993
12,27.6,0.99993
12,27.8,0.99993
12,28,0.99993
12,28.2,0.99993
12,28.4,0.99993
12,28.6,0.99993
12,28.8,0.99993
12,29,0.99993
12,29.2,0.99993
12,29.4,0.99993
12,29.6,0.99993
12,29.8,0.99993
12,30,0.99993
12,30.2,0.99993
12,30.4,0.99993
12,30.6,0.99993
12,30.8,0.99993
12,31,0.99993
12,31.2,0.99993
12,31.4,0.99993
12,31.6,0.99993
12,31.8,0.99993
12,32,0.99993
12,32.2,0.99993
12,32.4,0.99993
12,32.6,0.99993
12,32.8,0.99993
12,33,0.99993
12,33.2,0.99993
12,33.4,0.99993
12,33.6,0.99993
12,33.8,0.99993
12,34,0.99993
12,34.2,0.99993
12,34.4,0.99993
12,34.6,0.99993
12,34.8,0.99993
12,35,0.99993
12,35.2,0.99993
12,35.4,0.99993
12,35.6,0.99993
12,35.8,0.99993
12,36,0.99993
12,36.2,0.99993
12,36.4,0.99993
12,36.6,0.99993
12,36.8,0.99993
12,37,0.99993
12,37.2,0.99993
12,37.4,0.99993
12,37.6,0.99993
12,37.8,0.99993
12,38,0.99993
12,38.2,0.99993
12,38.4,0.99993
12,38.6,0.99993
12,38.8,0.99993
12,39,0.99993
12,39.2,0.99993
12,39.4,0.99993
12,39.6,0.99993
12,39.8,0.99993
12,40,0.99993
13,0,0
13,0.2,0
13,0.4,0
13,0.6,0
13,0.8,0
13,1,0
13,1.2,0.00231
13,1.4,0.00693
13,1.6,0.01387
13,1.8,0.02312
13,2,0.03468
13,2.2,0.04855
13,2.4,0.06474
13,2.6,0.08324
13,2.8,0.10405
13,3,0.12717
13,3.2,0.1526
13,3.4,0.1793
13,3.6,0.20558
13,3.8,0.23143
13,4,0.25684
13,4.2,0.28184
13,4.4,0.3064
13,4.6,0.33054
13,4.8,0.35424
13,5,0.37753
13,5.2,0.40038
13,5.4,0.4228
13,5.6,0.4448
13,5.8,0.46637
13,6,0.48752
13,6.2,0.50823
13,6.4,0.52852
13,6.6,0.54838
13,6.8,0.56781
13,7,0.58682
13,7.2,0.6054
13,7.4,0.62354
13,7.6,0.64127
13,7.8,0.65856
13,8,0.67543
13,8.2,0.69187
13,8.4,0.70788
13,8.6,0.72346
13,8.8,0.73862
13,9,0.75335
13,9.2,0.76765
13,9.4,0.78153
13,9.6,0.79497
13,9.8,0.80799
13,10,0.82058
13,10.2,0.83275
13,10.4,0.84448
13,10.6,0.85579
13,10.8,0.86667
13,11,0.87712
13,11.2,0.88715
13,11.4,0.89675
13,11.6,0.90592
13,11.8,0.91466
13,12,0.92298
13,12.2,0.93086
13,12.4,0.93832
13,12.6,0.94536
13,12.8,0.95196
13,13,0.95814
13,13.2,0.96389
13,13.4,0.96921
13,13.6,0.97411
13,13.8,0.97857
13,14,0.98261
13,14.2,0.98622
13,14.4,0.98941
13,14.6,0.99216
13,14.8,0.99449
13,15,0.99639
13,15.2,0.99787
13,15.4,0.99891
13,15.6,0.99953
13,15.8,0.99972
13,16,0.99972
13,16.2,0.99972
13,16.4,0.99972
13,16.6,0.99972
13,16.8,0.99972
13,17,0.99972
13,17.2,0.99972
13,17.4,0.99972
13,17.6,0.99972
13,17.8,0.99972
13,18,0.99972
13,18.2,0.99972
13,18.4,0.99972
13,18.6,0.99972
13,18.8,0.99972
13,19,0.99972
13,19.2,0.99972
13,19.4,0.99972
13,19.6,0.99972
13,19.8,0.99972
13,20,0.99972
13,20.2,0.99972
13,20.4,0.99972
13,20.6,0.99972
13,20.8,0.99972
13,21,0.99972
13,21.2,0.99972
13,21.4,0.99972
13,21.6,0.99972
13,21.8,0.99972
13,22,0.99972
13,22.2,0.99972
13,22.4,0.99972
13,22.6,0.99972
13,22.8,0.99972
13,23,0.99972
13,23.2,0.99972
13,23.4,0.99972
13,23.6,0.99972
13,23.8,0.99972
13,24,0.99972
13,24.2,0.99972
13,24.4,0.99972
13,24.6,0.99972
13,24.8,0.99972
13,25,0.99972
13,25.2,0.99972
13,25.4,0.99972
13,25.6,0.99972
13,25.8,0.99972
13,26,0.99972
13,26.2,0.99972
13,26.4,0.99972
13,26.6,0.99972
13,26.8,0.99972
13,27,0.99972
13,27.2,0.99972
13,27.4,0.99972
13,27.6,0.99972
13,27.8,0.99972
13,28,0.99972
13,28.2,0.99972
13,28.4,0.99972
13,28.6,0.99972
13,28.8,0.99972
13,29,0.99972
13,29.2,0.99972
13,29.4,0.99972
13,29.6,0.99972
13,29.8,0.99972
13,30,0.99972
13,30.2,0.99972
13,30.4,0.99972
13,30.6,0.99972
13,30.8,0.99972
13,31,0.99972
13,31.2,0.99972
13,31.4,0.99972
13,31.6,0.99972
13,31.8,0.99972
13,32,0.99972
13,32.2,0.99972
13,32.4,0.99972
13,32.6,0.99972
13,32.8,0.99972
13,33,0.99972
13,33.2,0.99972
13,33.4,0.99972
13,33.6,0.99972
13,33.8,0.99972
13,34,0.99972
13,34.2,0.99972
13,34.4,0.99972
13,34.6,0.99972
13,34.8,0.99972
13,35,0.99972
13,35.2,0.99972
13,35.4,0.99972
13,35.6,0.99972
13,35.8,0.99972
13,36,0.99972
13,36.2,0.99972
13,36.4,0.99972
13,36.6,0.99972
13,36.8,0.99972
13,37,0.99972
13,37.2,0.99972
13,37.4,0.99972
13,37.6,0.99972
13,37.8,0.99972
13,38,0.99972
13,38.2,0.99972
13,38.4,0.99972
13,38.6,0.99972
13,38.8,0.99972
13,39,0.99972
13,39.2,0.99972
13,39.4,0.99972
13,39.6,0.99972
13,39.8,0.99972
13,40,0.99972
14,0,0
14,0.2,0
14,0.4,0
14,0.6,0
14,0.8,0
14,1,0
14,1.2,0.00107
14,1.4,0.00322
14,1.6,0.00644
14,1.8,0.01074
14,2,0.01611
14,2.2,0.02255
14,2.4,0.03007
14,2.6,0.03866
14,2.8,0.04833
14,3,0.05907
14,3.2,0.07089
14,3.4,0.08378
14,3.6,0.09774
14,3.8,0.11278
14,4,0.12889
14,4.2,0.14564
14,4.4,0.16222
14,4.6,0.17864
14,4.8,0.1949
14,5,0.21099
14,5.2,0.22692
14,5.4,0.24269
14,5.6,0.2583
14,5.8,0.27374
14,6,0.28902
14,6.2,0.30414
14,6.4,0.3191
14,6.6,0.33389
14,6.8,0.34852
14,7,0.36299
14,7.2,0.3773
14,7.4,0.39144
14,7.6,0.40542
14,7.8,0.41924
14,8,0.4329
14,8.2,0.44639
14,8.4,0.45972
14,8.6,0.47289
14,8.8,0.4859
14,9,0.49874
14,9.2,0.51142
14,9.4,0.52394
14,9.6,0.5363
14,9.8,0.54849
14,10,0.56052
14,10.2,0.57239
14,10.4,0.5841
14,10.6,0.59564
14,10.8,0.60702
14,11,0.61824
14,11.2,0.6293
14,11.4,0.64019
14,11.6,0.65092
14,11.8,0.66149
14,12,0.6719
14,12.2,0.68214
14,12.4,0.69222
14,12.6,0.70214
14,12.8,0.7119
14,13,0.72149
14,13.2,0.73092
14,13.4,0.74019
14,13.6,0.74929
14,13.8,0.75824
14,14,0.76702
14,14.2,0.77564
14,14.4,0.78409
14,14.6,0.79239
14,14.8,0.80052
14,15,0.80849
14,15.2,0.81629
14,15.4,0.82394
14,15.6,0.83142
14,15.8,0.83873
14,16,0.84589
14,16.2,0.85288
14,16.4,0.85971
14,16.6,0.86638
14,16.8,0.87289
14,17,0.87923
14,17.2,0.88541
14,17.4,0.89143
14,17.6,0.89729
14,17.8,0.90298
14,18,0.90851
14,18.2,0.91388
14,18.4,0.91908
14,18.6,0.92413
14,18.8,0.92901
14,19,0.93372
14,19.2,0.93828
14,19.4,0.94267
14,19.6,0.9469
14,19.8,0.95097
14,20,0.95488
14,20.2,0.95862
14,20.4,0.9622
14,20.6,0.96562
14,20.8,0.96887
14,21,0.97197
14,21.2,0.9749
14,21.4,0.97767
14,21.6,0.98027
14,21.8,0.98271
14,22,0.98499
14,22.2,0.98711
14,22.4,0.98907
14,22.6,0.99086
14,22.8,0.99249
14,23,0.99396
14,23.2,0.99526
14,23.4,0.99641
14,23.6,0.99739
14,23.8,0.9982
14,24,0.99886
14,24.2,0.99935
14,24.4,0.99968
14,24.6,0.99985
14,24.8,0.99986
14,25,0.99986
14,25.2,0.99986
14,25.4,0.99986
14,25.6,0.99986
14,25.8,0.99986
14,26,0.99986
14,26.2,0.99986
14,26.4,0.99986
14,26.6,0.99986
14,26.8,0.99986
14,27,0.99986
14,27.2,0.99986
14,27.4,0.99986
14,27.6,0.99986
14,27.8,0.99986
14,28,0.99986
14,28.2,0.99986
14,28.4,0.99986
14,28.6,0.99986
14,28.8,0.99986
14,29,0.99986
14,29.2,0.99986
14,29.4,0.99986
14,29.6,0.99986
14,29.8,0.99986
14,30,0.99986
14,30.2,0.99986
14,30.4,0.99986
14,30.6,0.99986
14,30.8,0.99986
14,31,0.99986
14,31.2,0.99986
14,31.4,0.99986
14,31.6,0.99986
14,31.8,0.99986
14,32,0.99986
14,32.2,0.99986
14,32.4,0.99986
14,32.6,0.99986
14,32.8,0.99986
14,33,0.99986
14,33.2,0.99986
14,33.4,0.99986
14,33.6,0.99986
14,33.8,0.99986
14,34,0.99986
14,34.2,0.99986
14,34.4,0.99986
14,34.6,0.99986
14,34.8,0.99986
14,35,0.99986
14,35.2,0.99986
14,35.4,0.99986
14,35.6,0.99986
14,35.8,0.99986
14,36,0.99986
14,36.2,0.99986
14,36.4,0.99986
14,36.6,0.99986
14,36.8,0.99986
14,37,0.99986
14,37.2,0.99986
14,37.4,0.99986
14,37.6,0.99986
14,37.8,0.99986
14,38,0.99986
14,38.2,0.99986
14,38.4,0.99986
14,38.6,0.99986
14,38.8,0.99986
14,39,0.99986
14,39.2,0.99986
14,39.4,0.99986
14,39.6,0.99986
14,39.8,0.99986
14,40,0.99986
15,0,0
15,0.2,0
15,0.4,0
15,0.6,0
15,0.8,0
15,1,0
15,1.2,6.3e-4
15,1.4,0.00191
15,1.6,0.00383
15,1.8,0.00638
15,2,0.00958
15,2.2,0.01341
15,2.4,0.01788
15,2.6,0.023
15,2.8,0.02875
15,3,0.03513
15,3.2,0.04216
15,3.4,0.04983
15,3.6,0.05813
15,3.8,0.06708
15,4,0.07666
15,4.2,0.08689
15,4.4,0.09775
15,4.6,0.10925
15,4.8,0.12139
15,5,0.13416
15,5.2,0.14758
15,5.4,0.16164
15,5.6,0.17633
15,5.8,0.19167
15,6,0.20764
15,6.2,0.22425
15,6.4,0.2415
15,6.6,0.25939
15,6.8,0.27792
15,7,0.29708
15,7.2,0.31689
15,7.4,0.33733
15,7.6,0.35842
15,7.8,0.37971
15,8,0.40064
15,8.2,0.42121
15,8.4,0.44142
15,8.6,0.46127
15,8.8,0.48076
15,9,0.49989
15,9.2,0.51867
15,9.4,0.53708
15,9.6,0.55514
15,9.8,0.57284
15,10,0.59017
15,10.2,0.60715
15,10.4,0.62377
15,10.6,0.64003
15,10.8,0.65593
15,11,0.67147
15,11.2,0.68665
15,11.4,0.70147
15,11.6,0.71594
15,11.8,0.73004
15,12,0.74379
15,12.2,0.75717
15,12.4,0.7702
15,12.6,0.78287
15,12.8,0.79517
15,13,0.80712
15,13.2,0.81871
15,13.4,0.82994
15,13.6,0.84081
15,13.8,0.85133
15,14,0.86148
15,14.2,0.87127
15,14.4,0.88071
15,14.6,0.88978
15,14.8,0.8985
15,15,0.90685
15,15.2,0.91485
15,15.4,0.92249
15,15.6,0.92977
15,15.8,0.93669
15,16,0.94325
15,16.2,0.94945
15,16.4,0.95529
15,16.6,0.96077
15,16.8,0.9659
15,17,0.97066
15,17.2,0.97507
15,17.4,0.97911
15,17.6,0.9828
15,17.8,0.98613
15,18,0.98909
15,18.2,0.9917
15,18.4,0.99395
15,18.6,0.99584
15,18.8,0.99737
15,19,0.99855
15,19.2,0.99936
15,19.4,0.99981
15,19.6,0.99991
15,19.8,0.99991
15,20,0.99991
15,20.2,0.99991
15,20.4,0.99991
15,20.6,0.99991
15,20.8,0.99991
15,21,0.99991
15,21.2,0.99991
15,21.4,0.99991
15,21.6,0.99991
15,21.8,0.99991
15,22,0.99991
15,22.2,0.99991
15,22.4,0.99991
15,22.6,0.99991
15,22.8,0.99991
15,23,0.99991
15,23.2,0.99991
15,23.4,0.99991
15,23.6,0.99991
15,23.8,0.99991
15,24,0.99991
15,24.2,0.99991
15,24.4,0.99991
15,24.6,0.99991
15,24.8,0.99991
15,25,0.99991
15,25.2,0.99991
15,25.4,0.99991
15,25.6,0.99991
15,25.8,0.99991
15,26,0.99991
15,26.2,0.99991
15,26.4,0.99991
15,26.6,0.99991
15,26.8,0.99991
15,27,0.99991
15,27.2,0.99991
15,27.4,0.99991
15,27.6,0.99991
15,27.8,0.99991
15,28,0.99991
15,28.2,0.99991
15,28.4,0.99991
15,28.6,0.99991
15,28.8,0.99991
15,29,0.99991
15,29.2,0.99991
15,29.4,0.99991
15,29.6,0.99991
15,29.8,0.99991
15,30,0.99991
15,30.2,0.99991
15,30.4,0.99991
15,30.6,0.99991
15,30.8,0.99991
15,31,0.99991
15,31.2,0.99991
15,31.4,0.99991
15,31.6,0.99991
15,31.8,0.99991
15,32,0.99991
15,32.2,0.99991
15,32.4,0.99991
15,32.6,0.99991
15,32.8,0.99991
15,33,0.99991
15,33.2,0.99991
15,33.4,0.99991
15,33.6,0.99991
15,33.8,0.99991
15,34,0.99991
15,34.2,0.99991
15,34.4,0.99991
15,34.6,0.99991
15,34.8,0.99991
15,35,0.99991
15,35.2,0.99991
15,35.4,0.99991
15,35.6,0.99991
15,35.8,0.99991
15,36,0.99991
15,36.2,0.99991
15,36.4,0.99991
15,36.6,0.99991
15,36.8,0.99991
15,37,0.99991
15,37.2,0.99991
15,37.4,0.99991
15,37.6,0.99991
15,37.8,0.99991
15,38,0.99991
15,38.2,0.99991
15,38.4,0.99991
15,38.6,0.99991
15,38.8,0.99991
15,39,0.99991
15,39.2,0.99991
15,39.4,0.99991
15,39.6,0.99991
15,39.8,0.99991
15,40,0.99991
16,0,0
16,0.2,0
16,0.4,0
16,0.6,0
16,0.8,0
16,1,0
16,1.2,7.6e-4
16,1.4,0.0023
16,1.6,0.0046
16,1.8,0.00766
16,2,0.0115
16,2.2,0.0161
16,2.4,0.02146
16,2.6,0.0276
16,2.8,0.0345
16,3,0.04216
16,3.2,0.0506
16,3.4,0.0598
16,3.6,0.06976
16,3.8,0.0805
16,4,0.092
16,4.2,0.10427
16,4.4,0.1173
16,4.6,0.1311
16,4.8,0.14567
16,5,0.16043
16,5.2,0.17506
16,5.4,0.18956
16,5.6,0.20394
16,5.8,0.21818
16,6,0.2323
16,6.2,0.24629
16,6.4,0.26014
16,6.6,0.27388
16,6.8,0.28748
16,7,0.30095
16,7.2,0.3143
16,7.4,0.32751
16,7.6,0.3406
16,7.8,0.35356
16,8,0.36639
16,8.2,0.37909
16,8.4,0.39166
16,8.6,0.40411
16,8.8,0.41642
16,9,0.42861
16,9.2,0.44067
16,9.4,0.4526
16,9.6,0.4644
16,9.8,0.47607
16,10,0.48762
16,10.2,0.49903
16,10.4,0.51032
16,10.6,0.52148
16,10.8,0.53251
16,11,0.54341
16,11.2,0.55418
16,11.4,0.56483
16,11.6,0.57534
16,11.8,0.58573
16,12,0.59599
16,12.2,0.60611
16,12.4,0.61612
16,12.6,0.62599
16,12.8,0.63573
16,13,0.64535
16,13.2,0.65483
16,13.4,0.66419
16,13.6,0.67342
16,13.8,0.68252
16,14,0.69149
16,14.2,0.70033
16,14.4,0.70905
16,14.6,0.71763
16,14.8,0.72609
16,15,0.73442
16,15.2,0.74262
16,15.4,0.75069
16,15.6,0.75863
16,15.8,0.76645
16,16,0.77413
16,16.2,0.78169
16,16.4,0.78912
16,16.6,0.79642
16,16.8,0.80359
16,17,0.81063
16,17.2,0.81754
16,17.4,0.82433
16,17.6,0.83098
16,17.8,0.83751
16,18,0.84391
16,18.2,0.85018
16,18.4,0.85632
16,18.6,0.86234
16,18.8,0.86822
16,19,0.87398
16,19.2,0.87961
16,19.4,0.8851
16,19.6,0.89047
16,19.8,0.89572
16,20,0.90083
16,20.2,0.90581
16,20.4,0.91067
16,20.6,0.9154
16,20.8,0.91999
16,21,0.92446
16,21.2,0.9288
16,21.4,0.93302
16,21.6,0.9371
16,21.8,0.94106
16,22,0.94488
16,22.2,0.94858
16,22.4,0.95215
16,22.6,0.95559
16,22.8,0.9589
16,23,0.96209
16,23.2,0.96514
16,23.4,0.96807
16,23.6,0.97087
16,23.8,0.97353
16,24,0.97608
16,24.2,0.97849
16,24.4,0.98077
16,24.6,0.98292
16,24.8,0.98495
16,25,0.98685
16,25.2,0.98862
16,25.4,0.99026
16,25.6,0.99177
16,25.8,0.99315
16,26,0.9944
16,26.2,0.99553
16,26.4,0.99653
16,26.6,0.9974
16,26.8,0.99814
16,27,0.99875
16,27.2,0.99923
16,27.4,0.99958
16,27.6,0.99981
16,27.8,0.9999
16,28,0.9999
16,28.2,0.9999
16,28.4,0.9999
16,28.6,0.9999
16,28.8,0.9999
16,29,0.9999
16,29.2,0.9999
16,29.4,0.9999
16,29.6,0.9999
16,29.8,0.9999
16,30,0.9999
16,30.2,0.9999
16,30.4,0.9999
16,30.6,0.9999
16,30.8,0.9999
16,31,0.9999
16,31.2,0.9999
16,31.4,0.9999
16,31.6,0.9999
16,31.8,0.9999
16,32,0.9999
16,32.2,0.9999
16,32.4,0.9999
16,32.6,0.9999
16,32.8,0.9999
16,33,0.9999
16,33.2,0.9999
16,33.4,0.9999
16,33.6,0.9999
16,33.8,0.9999
16,34,0.9999
16,34.2,0.9999
16,34.4,0.9999
16,34.6,0.9999
16,34.8,0.9999
16,35,0.9999
16,35.2,0.9999
16,35.4,0.9999
16,35.6,0.9999
16,35.8,0.9999
16,36,0.9999
16,36.2,0.9999
16,36.4,0.9999
16,36.6,0.9999
16,36.8,0.9999
16,37,0.9999
16,37.2,0.9999
16,37.4,0.9999
16,37.6,0.9999
16,37.8,0.9999
16,38,0.9999
16,38.2,0.9999
16,38.4,0.9999
16,38.6,0.9999
16,38.8,0.9999
16,39,0.9999
16,39.2,0.9999
16,39.4,0.9999
16,39.6,0.9999
16,39.8,0.9999
16,40,0.9999
17,0,0
17,0.2,0
17,0.4,0
17,0.6,0
17,0.8,0
17,1,0
17,1.2,9.9e-4
17,1.4,0.00297
17,1.6,0.00595
17,1.8,0.00992
17,2,0.01489
17,2.2,0.02085
17,2.4,0.0278
17,2.6,0.03574
17,2.8,0.04468
17,3,0.05461
17,3.2,0.06553
17,3.4,0.07745
17,3.6,0.09036
17,3.8,0.10426
17,4,0.11915
17,4.2,0.13429
17,4.4,0.14929
17,4.6,0.16417
17,4.8,0.17891
17,5,0.19352
17,5.2,0.208
17,5.4,0.22235
17,5.6,0.23657
17,5.8,0.25066
17,6,0.26461
17,6.2,0.27844
17,6.4,0.29213
17,6.6,0.30569
17,6.8,0.31912
17,7,0.33242
17,7.2,0.34559
17,7.4,0.35863
17,7.6,0.37153
17,7.8,0.38431
17,8,0.39695
17,8.2,0.40946
17,8.4,0.42185
17,8.6,0.4341
17,8.8,0.44621
17,9,0.4582
17,9.2,0.47006
17,9.4,0.48178
17,9.6,0.49338
17,9.8,0.50484
17,10,0.51617
17,10.2,0.52737
17,10.4,0.53844
17,10.6,0.54938
17,10.8,0.56019
17,11,0.57086
17,11.2,0.58141
17,11.4,0.59182
17,11.6,0.6021
17,11.8,0.61225
17,12,0.62227
17,12.2,0.63216
17,12.4,0.64192
17,12.6,0.65154
17,12.8,0.66104
17,13,0.6704
17,13.2,0.67963
17,13.4,0.68874
17,13.6,0.69771
17,13.8,0.70654
17,14,0.71525
17,14.2,0.72383
17,14.4,0.73227
17,14.6,0.74059
17,14.8,0.74877
17,15,0.75682
17,15.2,0.76474
17,15.4,0.77253
17,15.6,0.78019
17,15.8,0.78772
17,16,0.79511
17,16.2,0.80238
17,16.4,0.80951
17,16.6,0.81651
17,16.8,0.82338
17,17,0.83012
17,17.2,0.83673
17,17.4,0.84321
17,17.6,0.84956
17,17.8,0.85577
17,18,0.86186
17,18.2,0.86781
17,18.4,0.87363
17,18.6,0.87932
17,18.8,0.88488
17,19,0.89031
17,19.2,0.8956
17,19.4,0.90077
17,19.6,0.9058
17,19.8,0.91071
17,20,0.91548
17,20.2,0.92012
17,20.4,0.92463
17,20.6,0.92901
17,20.8,0.93325
17,21,0.93737
17,21.2,0.94135
17,21.4,0.94521
17,21.6,0.94893
17,21.8,0.95252
17,22,0.95598
17,22.2,0.95931
17,22.4,0.96251
17,22.6,0.96557
17,22.8,0.96851
17,23,0.97131
17,23.2,0.97398
17,23.4,0.97652
17,23.6,0.97894
17,23.8,0.98121
17,24,0.98336
17,24.2,0.98538
17,24.4,0.98726
17,24.6,0.98902
17,24.8,0.99064
17,25,0.99213
17,25.2,0.99349
17,25.4,0.99472
17,25.6,0.99582
17,25.8,0.99679
17,26,0.99763
17,26.2,0.99833
17,26.4,0.9989
17,26.6,0.99935
17,26.8,0.99966
17,27,0.99984
17,27.2,0.99989
17,27.4,0.99989
17,27.6,0.99989
17,27.8,0.99989
17,28,0.99989
17,28.2,0.99989
17,28.4,0.99989
17,28.6,0.99989
17,28.8,0.99989
17,29,0.99989
17,29.2,0.99989
17,29.4,0.99989
17,29.6,0.99989
17,29.8,0.99989
17,30,0.99989
17,30.2,0.99989
17,30.4,0.99989
17,30.6,0.99989
17,30.8,0.99989
17,31,0.99989
17,31.2,0.99989
17,31.4,0.99989
17,31.6,0.99989
17,31.8,0.99989
17,32,0.99989
17,32.2,0.99989
17,32.4,0.99989
17,32.6,0.99989
17,32.8,0.99989
17,33,0.99989
17,33.2,0.99989
17,33.4,0.99989
17,33.6,0.99989
17,33.8,0.99989
17,34,0.99989
17,34.2,0.99989
17,34.4,0.99989
17,34.6,0.99989
17,34.8,0.99989
17,35,0.99989
17,35.2,0.99989
17,35.4,0.99989
17,35.6,0.99989
17,35.8,0.99989
17,36,0.99989
17,36.2,0.99989
17,36.4,0.99989
17,36.6,0.99989
17,36.8,0.99989
17,37,0.99989
17,37.2,0.99989
17,37.4,0.99989
17,37.6,0.99989
17,37.8,0.99989
17,38,0.99989
17,38.2,0.99989
17,38.4,0.99989
17,38.6,0.99989
17,38.8,0.99989
17,39,0.99989
17,39.2,0.99989
17,39.4,0.99989
17,39.6,0.99989
17,39.8,0.99989
17,40,0.99989
18,0,0
18,0.2,0
18,0.4,0
18,0.6,0
18,0.8,0
18,1,0
18,1.2,9.5e-4
18,1.4,0.00287
18,1.6,0.00575
18,1.8,0.00959
18,2,0.01439
18,2.2,0.02015
18,2.4,0.02687
18,2.6,0.03454
18,2.8,0.04318
18,3,0.05278
18,3.2,0.06333
18,3.4,0.07485
18,3.6,0.08733
18,3.8,0.10076
18,4,0.11516
18,4.2,0.13051
18,4.4,0.14683
18,4.6,0.1641
18,4.8,0.18233
18,5,0.20153
18,5.2,0.22168
18,5.4,0.24279
18,5.6,0.26487
18,5.8,0.2879
18,6,0.31189
18,6.2,0.33684
18,6.4,0.36275
18,6.6,0.38907
18,6.8,0.41483
18,7,0.44003
18,7.2,0.46468
18,7.4,0.48878
18,7.6,0.51232
18,7.8,0.5353
18,8,0.55773
18,8.2,0.57961
18,8.4,0.60093
18,8.6,0.62169
18,8.8,0.6419
18,9,0.66156
18,9.2,0.68066
18,9.4,0.6992
18,9.6,0.71719
18,9.8,0.73463
18,10,0.75151
18,10.2,0.76784
18,10.4,0.78361
18,10.6,0.79882
18,10.8,0.81348
18,11,0.82759
18,11.2,0.84114
18,11.4,0.85414
18,11.6,0.86658
18,11.8,0.87847
18,12,0.8898
18,12.2,0.90057
18,12.4,0.91079
18,12.6,0.92046
18,12.8,0.92957
18,13,0.93813
18,13.2,0.94613
18,13.4,0.95358
18,13.6,0.96047
18,13.8,0.96681
18,14,0.97259
18,14.2,0.97782
18,14.4,0.98249
18,14.6,0.9866
18,14.8,0.99017
18,15,0.99317
18,15.2,0.99563
18,15.4,0.99752
18,15.6,0.99887
18,15.8,0.99965
18,16,0.99989
18,16.2,0.99989
18,16.4,0.99989
18,16.6,0.99989
18,16.8,0.99989
18,17,0.99989
18,17.2,0.99989
18,17.4,0.99989
18,17.6,0.99989
18,17.8,0.99989
18,18,0.99989
18,18.2,0.99989
18,18.4,0.99989
18,18.6,0.99989
18,18.8,0.99989
18,19,0.99989
18,19.2,0.99989
18,19.4,0.99989
18,19.6,0.99989
18,19.8,0.99989
18,20,0.99989
18,20.2,0.99989
18,20.4,0.99989
18,20.6,0.99989
18,20.8,0.99989
18,21,0.99989
18,21.2,0.99989
18,21.4,0.99989
18,21.6,0.99989
18,21.8,0.99989
18,22,0.99989
18,22.2,0.99989
18,22.4,0.99989
18,22.6,0.99989
18,22.8,0.99989
18,23,0.99989
18,23.2,0.99989
18,23.4,0.99989
18,23.6,0.99989
18,23.8,0.99989
18,24,0.99989
18,24.2,0.99989
18,24.4,0.99989
18,24.6,0.99989
18,24.8,0.99989
18,25,0.99989
18,25.2,0.99989
18,25.4,0.99989
18,25.6,0.99989
18,25.8,0.99989
18,26,0.99989
18,26.2,0.99989
18,26.4,0.99989
18,26.6,0.99989
18,26.8,0.99989
18,27,0.99989
18,27.2,0.99989
18,27.4,0.99989
18,27.6,0.99989
18,27.8,0.99989
18,28,0.99989
18,28.2,0.99989
18,28.4,0.99989
18,28.6,0.99989
18,28.8,0.99989
18,29,0.99989
18,29.2,0.99989
18,29.4,0.99989
18,29.6,0.99989
18,29.8,0.99989
18,30,0.99989
18,30.2,0.99989
18,30.4,0.99989
18,30.6,0.99989
18,30.8,0.99989
18,31,0.99989
18,31.2,0.99989
18,31.4,0.99989
18,31.6,0.99989
18,31.8,0.99989
18,32,0.99989
18,32.2,0.99989
18,32.4,0.99989
18,32.6,0.99989
18,32.8,0.99989
18,33,0.99989
18,33.2,0.99989
18,33.4,0.99989
18,33.6,0.99989
18,33.8,0.99989
18,34,0.99989
18,34.2,0.99989
18,34.4,0.99989
18,34.6,0.99989
18,34.8,0.99989
18,35,0.99989
18,35.2,0.99989
18,35.4,0.99989
18,35.6,0.99989
18,35.8,0.99989
18,36,0.99989
18,36.2,0.99989
18,36.4,0.99989
18,36.6,0.99989
18,36.8,0.99989
18,37,0.99989
18,37.2,0.99989
18,37.4,0.99989
18,37.6,0.99989
18,37.8,0.99989
18,38,0.99989
18,38.2,0.99989
18,38.4,0.99989
18,38.6,0.99989
18,38.8,0.99989
18,39,0.99989
18,39.2,0.99989
18,39.4,0.99989
18,39.6,0.99989
18,39.8,0.99989
18,40,0.99989
19,0,0
19,0.2,0
19,0.4,0
19,0.6,0
19,0.8,0
19,1,0
19,1.2,0.00318
19,1.4,0.00956
19,1.6,0.01913
19,1.8,0.03189
19,2,0.04784
19,2.2,0.06698
19,2.4,0.08931
19,2.6,0.11483
19,2.8,0.14354
19,3,0.17544
19,3.2,0.21053
19,3.4,0.24881
19,3.6,0.28823
19,3.8,0.32659
19,4,0.36389
19,4.2,0.40013
19,4.4,0.4353
19,4.6,0.46941
19,4.8,0.50245
19,5,0.53443
19,5.2,0.56535
19,5.4,0.59521
19,5.6,0.624
19,5.8,0.65173
19,6,0.67839
19,6.2,0.704
19,6.4,0.72854
19,6.6,0.75201
19,6.8,0.77443
19,7,0.79578
19,7.2,0.81606
19,7.4,0.83529
19,7.6,0.85345
19,7.8,0.87054
19,8,0.88658
19,8.2,0.90155
19,8.4,0.91546
19,8.6,0.9283
19,8.8,0.94008
19,9,0.9508
19,9.2,0.96045
19,9.4,0.96905
19,9.6,0.97657
19,9.8,0.98304
19,10,0.98844
19,10.2,0.99278
19,10.4,0.99606
19,10.6,0.99827
19,10.8,0.99942
19,11,0.9995
19,11.2,0.9995
19,11.4,0.9995
19,11.6,0.9995
19,11.8,0.9995
19,12,0.9995
19,12.2,0.9995
19,12.4,0.9995
19,12.6,0.9995
19,12.8,0.9995
19,13,0.9995
19,13.2,0.9995
19,13.4,0.9995
19,13.6,0.9995
19,13.8,0.9995
19,14,0.9995
19,14.2,0.9995
19,14.4,0.9995
19,14.6,0.9995
19,14.8,0.9995
19,15,0.9995
19,15.2,0.9995
19,15.4,0.9995
19,15.6,0.9995
19,15.8,0.9995
19,16,0.9995
19,16.2,0.9995
19,16.4,0.9995
19,16.6,0.9995
19,16.8,0.9995
19,17,0.9995
19,17.2,0.9995
19,17.4,0.9995
19,17.6,0.9995
19,17.8,0.9995
19,18,0.9995
19,18.2,0.9995
19,18.4,0.9995
19,18.6,0.9995
19,18.8,0.9995
19,19,0.9995
19,19.2,0.9995
19,19.4,0.9995
19,19.6,0.9995
19,19.8,0.9995
19,20,0.9995
19,20.2,0.9995
19,20.4,0.9995
19,20.6,0.9995
19,20.8,0.9995
19,21,0.9995
19,21.2,0.9995
19,21.4,0.9995
19,21.6,0.9995
19,21.8,0.9995
19,22,0.9995
19,22.2,0.9995
19,22.4,0.9995
19,22.6,0.9995
19,22.8,0.9995
19,23,0.9995
19,23.2,0.9995
19,23.4,0.9995
19,23.6,0.9995
19,23.8,0.9995
19,24,0.9995
19,24.2,0.9995
19,24.4,0.9995
19,24.6,0.9995
19,24.8,0.9995
19,25,0.9995
19,25.2,0.9995
19,25.4,0.9995
19,25.6,0.9995
19,25.8,0.9995
19,26,0.9995
19,26.2,0.9995
19,26.4,0.9995
19,26.6,0.9995
19,26.8,0.9995
19,27,0.9995
19,27.2,0.9995
19,27.4,0.9995
19,27.6,0.9995
19,27.8,0.9995
19,28,0.9995
19,28.2,0.9995
19,28.4,0.9995
19,28.6,0.9995
19,28.8,0.9995
19,29,0.9995
19,29.2,0.9995
19,29.4,0.9995
19,29.6,0.9995
19,29.8,0.9995
19,30,0.9995
19,30.2,0.9995
19,30.4,0.9995
19,30.6,0.9995
19,30.8,0.9995
19,31,0.9995
19,31.2,0.9995
19,31.4,0.9995
19,31.6,0.9995
19,31.8,0.9995
19,32,0.9995
19,32.2,0.9995
19,32.4,0.9995
19,32.6,0.9995
19,32.8,0.9995
19,33,0.9995
19,33.2,0.9995
19,33.4,0.9995
19,33.6,0.9995
19,33.8,0.9995
19,34,0.9995
19,34.2,0.9995
19,34.4,0.9995
19,34.6,0.9995
19,34.8,0.9995
19,35,0.9995
19,35.2,0.9995
19,35.4,0.9995
19,35.6,0.9995
19,35.8,0.9995
19,36,0.9995
19,36.2,0.9995
19,36.4,0.9995
19,36.6,0.9995
19,36.8,0.9995
19,37,0.9995
19,37.2,0.9995
19,37.4,0.9995
19,37.6,0.9995
19,37.8,0.9995
19,38,0.9995
19,38.2,0.9995
19,38.4,0.9995
19,38.6,0.9995
19,38.8,0.9995
19,39,0.9995
19,39.2,0.9995
19,39.4,0.9995
19,39.6,0.9995
19,39.8,0.9995
19,40,0.9995
20,0,0
20,0.2,0
20,0.4,0
20,0.6,0
20,0.8,0
20,1,0
20,1.2,0.00127
20,1.4,0.00381
20,1.6,0.00763
20,1.8,0.01271
20,2,0.01907
20,2.2,0.0267
20,2.4,0.0356
20,2.6,0.04578
20,2.8,0.05722
20,3,0.06994
20,3.2,0.08393
20,3.4,0.09919
20,3.6,0.11573
20,3.8,0.13353
20,4,0.15261
20,4.2,0.17281
20,4.4,0.19277
20,4.6,0.21249
20,4.8,0.23196
20,5,0.25119
20,5.2,0.27018
20,5.4,0.28892
20,5.6,0.30742
20,5.8,0.32567
20,6,0.34368
20,6.2,0.36145
20,6.4,0.37897
20,6.6,0.39625
20,6.8,0.41329
20,7,0.43008
20,7.2,0.44663
20,7.4,0.46293
20,7.6,0.47899
20,7.8,0.49481
20,8,0.51038
20,8.2,0.52571
20,8.4,0.54079
20,8.6,0.55564
20,8.8,0.57023
20,9,0.58459
20,9.2,0.5987
20,9.4,0.61256
20,9.6,0.62618
20,9.8,0.63956
20,10,0.6527
20,10.2,0.66559
20,10.4,0.67823
20,10.6,0.69064
20,10.8,0.7028
20,11,0.71471
20,11.2,0.72638
20,11.4,0.73781
20,11.6,0.749
20,11.8,0.75994
20,12,0.77063
20,12.2,0.78109
20,12.4,0.79129
20,12.6,0.80126
20,12.8,0.81098
20,13,0.82046
20,13.2,0.82969
20,13.4,0.83868
20,13.6,0.84743
20,13.8,0.85593
20,14,0.86419
20,14.2,0.8722
20,14.4,0.87997
20,14.6,0.8875
20,14.8,0.89478
20,15,0.90182
20,15.2,0.90862
20,15.4,0.91517
20,15.6,0.92148
20,15.8,0.92754
20,16,0.93336
20,16.2,0.93894
20,16.4,0.94427
20,16.6,0.94936
20,16.8,0.95421
20,17,0.95881
20,17.2,0.96317
20,17.4,0.96728
20,17.6,0.97115
20,17.8,0.97478
20,18,0.97816
20,18.2,0.9813
20,18.4,0.98419
20,18.6,0.98684
20,18.8,0.98925
20,19,0.99141
20,19.2,0.99333
20,19.4,0.99501
20,19.6,0.99644
20,19.8,0.99763
20,20,0.99857
20,20.2,0.99927
20,20.4,0.99973
20,20.6,0.99994
20,20.8,0.99994
20,21,0.99994
20,21.2,0.99994
20,21.4,0.99994
20,21.6,0.99994
20,21.8,0.99994
20,22,0.99994
20,22.2,0.99994
20,22.4,0.99994
20,22.6,0.99994
20,22.8,0.99994
20,23,0.99994
20,23.2,0.99994
20,23.4,0.99994
20,23.6,0.99994
20,23.8,0.99994
20,24,0.99994
20,24.2,0.99994
20,24.4,0.99994
20,24.6,0.99994
20,24.8,0.99994
20,25,0.99994
20,25.2,0.99994
20,25.4,0.99994
20,25.6,0.99994
20,25.8,0.99994
20,26,0.99994
20,26.2,0.99994
20,26.4,0.99994
20,26.6,0.99994
20,26.8,0.99994
20,27,0.99994
20,27.2,0.99994
20,27.4,0.99994
20,27.6,0.99994
20,27.8,0.99994
20,28,0.99994
20,28.2,0.99994
20,28.4,0.99994
20,28.6,0.99994
20,28.8,0.99994
20,29,0.99994
20,29.2,0.99994
20,29.4,0.99994
20,29.6,0.99994
20,29.8,0.99994
20,30,0.99994
20,30.2,0.99994
20,30.4,0.99994
20,30.6,0.99994
20,30.8,0.99994
20,31,0.99994
20,31.2,0.99994
20,31.4,0.99994
20,31.6,0.99994
20,31.8,0.99994
20,32,0.99994
20,32.2,0.99994
20,32.4,0.99994
20,32.6,0.99994
20,32.8,0.99994
20,33,0.99994
20,33.2,0.99994
20,33.4,0.99994
20,33.6,0.99994
20,33.8,0.99994
20,34,0.99994
20,34.2,0.99994
20,34.4,0.99994
20,34.6,0.99994
20,34.8,0.99994
20,35,0.99994
20,35.2,0.99994
20,35.4,0.99994
20,35.6,0.99994
20,35.8,0.99994
20,36,0.99994
20,36.2,0.99994
20,36.4,0.99994
20,36.6,0.99994
20,36.8,0.99994
20,37,0.99994
20,37.2,0.99994
20,37.4,0.99994
20,37.6,0.99994
20,37.8,0.99994
20,38,0.99994
20,38.2,0.99994
20,38.4,0.99994
20,38.6,0.99994
20,38.8,0.99994
20,39,0.99994
20,39.2,0.99994
20,39.4,0.99994
20,39.6,0.99994
20,39.8,0.99994
20,40,0.99994
